Input parameter;Scenario 1;Scenario 2;Scenario 3;Scenario 4;Scenario 5;Scenario 6;Scenario 7;Scenario 8;Scenario 9;Scenario 10
Production volume [1, 100.000];1;1;1;1;1;1;1;1;1;1
Market entry strategy;1;1;1;1;1;1;1;1;1;1
Labor skill availability [0%, 30%];1;1;1;1;1;1;1;1;1;1
Importance of economies of scale;1;1;1;1;1;1;1;1;1;1
Importance of develivery time;1;1;1;1;1;1;1;1;1;1
Importance of product cost;1;1;1;1;1;1;1;1;1;1
Importance of quality;1;1;1;1;1;1;1;1;1;1
Importance of flexibility;1;1;1;1;1;1;1;1;1;1
Importance of innovation;1;1;1;1;1;1;1;1;1;1
Importance of ecologic sustainability;1;1;1;1;1;1;1;1;1;1
Importance of  social sustainability;1;1;1;1;1;1;1;1;1;1
Type of product [%];1;1;1;1;1;1;1;1;1;1
Product complexity [%];1;1;1;1;1;1;1;1;1;1
Labor cost [730$, 52.788$];1;1;1;1;1;1;1;1;1;1
Market stability;1;1;1;1;1;1;1;1;1;1
Supplier market competition [%];1;1;1;1;1;1;1;1;1;1
Intra corporate ressources [%];1;1;1;1;1;1;1;1;1;1
Availability of local workforce [50%, 100%];1;1;1;1;1;1;1;1;1;1
Turnover of local workforce [0%, 50%];1;1;1;1;1;1;1;1;1;1
Energy supply [0, 365];1;1;1;1;1;1;1;1;1;1
